id,first_name,last_name,email,designs
1,Judah,Cockayme,jcockayme0@springer.com,[]
2,Minna,Beardall,mbeardall1@uol.com.br,"[{},{},{},{}]"
3,Val,Tettersell,vtettersell2@xinhuanet.com,[]
4,Benjie,Kropach,bkropach3@squidoo.com,"[{},{}]"
5,Andrea,Bagniuk,abagniuk4@comcast.net,"[{},{},{},{}]"
6,Ariana,Cotgrove,acotgrove5@ed.gov,"[{},{},{},{},{}]"
7,Ned,Wadie,nwadie6@t.co,[]
8,Christalle,Wallenger,cwallenger7@booking.com,"[{},{}]"
9,Adam,Luscombe,aluscombe8@newyorker.com,"[{},{}]"
10,Farrel,O'Flaherty,foflaherty9@reverbnation.com,"[{},{},{},{},{}]"
11,Rickie,Ezele,rezelea@wired.com,[{}]
12,Ulrikaumeko,Fassam,ufassamb@hao123.com,"[{},{}]"
13,Dian,Lobb,dlobbc@hubpages.com,[]
14,Abraham,Karpman,akarpmand@163.com,"[{},{},{},{}]"
15,Goldina,Marjoribanks,gmarjoribankse@go.com,"[{},{},{},{},{}]"
16,Baxie,Ballister,bballisterf@shinystat.com,[{}]
17,Ferdinande,Decayette,fdecayetteg@washington.edu,[]
18,Garrett,Gerok,ggerokh@ning.com,[]
19,Burnard,Hamsley,bhamsleyi@wordpress.com,"[{},{},{},{},{}]"
20,Chet,Cornock,ccornockj@nih.gov,[]
21,Sibeal,Imort,simortk@cmu.edu,"[{},{},{},{}]"
22,Bendicty,Linthead,blintheadl@ask.com,"[{},{},{},{}]"
23,Phillida,de Almeida,pdealmeidam@kickstarter.com,"[{},{},{},{}]"
24,Claudia,Crone,ccronen@google.com,"[{},{}]"
25,Roana,Sekulla,rsekullao@bloomberg.com,"[{},{},{},{}]"
26,Caty,Leith,cleithp@stumbleupon.com,"[{},{},{}]"
27,Glen,Gilford,ggilfordq@artisteer.com,"[{},{},{},{}]"
28,Hilliard,Geratt,hgerattr@abc.net.au,"[{},{},{}]"
29,Mead,Menhci,mmenhcis@themeforest.net,"[{},{},{},{}]"
30,Marcie,Gadsdon,mgadsdont@techcrunch.com,"[{},{},{}]"
31,Nissa,Antunez,nantunezu@harvard.edu,"[{},{}]"
32,Theodor,Trelease,ttreleasev@google.fr,"[{},{},{},{}]"
33,Dawn,Relf,drelfw@bbb.org,"[{},{},{},{},{}]"
34,Fernande,Hellwich,fhellwichx@wikimedia.org,"[{},{},{}]"
35,Genevra,Gussie,ggussiey@craigslist.org,"[{},{}]"
36,Myrna,Janda,mjandaz@gov.uk,"[{},{},{}]"
37,Claudianus,Habert,chabert10@com.com,"[{},{},{},{}]"
38,Billi,Neville,bneville11@slashdot.org,[]
39,Nani,France,nfrance12@wikipedia.org,[]
40,Willis,Splaven,wsplaven13@mail.ru,[{}]
41,Nerta,Cicchelli,ncicchelli14@printfriendly.com,"[{},{},{},{},{}]"
42,Clerissa,Chesher,cchesher15@telegraph.co.uk,"[{},{}]"
43,Gertrud,Bramwich,gbramwich16@pcworld.com,"[{},{},{},{},{}]"
44,Tonnie,Ilewicz,tilewicz17@patch.com,"[{},{},{},{},{}]"
45,Marget,Exley,mexley18@is.gd,"[{},{},{},{},{}]"
46,Eunice,Lemerle,elemerle19@weebly.com,"[{},{},{},{}]"
47,Abigale,Cockburn,acockburn1a@narod.ru,"[{},{},{}]"
48,Isaac,Bogace,ibogace1b@cocolog-nifty.com,[]
49,Cristen,Gockeler,cgockeler1c@nymag.com,[{}]
50,Alonzo,Arney,aarney1d@mashable.com,"[{},{},{},{},{}]"
